{"MinDiffulty":110.019,"MaxDiffulty":600.091,"CapabilityDimensionName":["07","09","10","11","13","21"],"DiffultyIntervals":[110.019,554.756,110.682,527.878,115.078,543.253,132.79,531.878,166.821,600.091,111.313,418.303],"CapabilityDimensionMedian":[332.435,319.31600000000003,329.21000000000004,331.581,359.7505,264.821]}