{"MinDiffulty":62.685,"MaxDiffulty":889.288,"CapabilityDimensionName":["07","09","10","11","13","21"],"DiffultyIntervals":[63.292,583.736,68.443,685.739,76.768,813.03,88.842,816.797,97.044,889.288,62.685,463.614],"CapabilityDimensionMedian":[282.81,317.79949999999997,366.9515,369.2975,380.5195,219.37150000000003]}